Model,Jensen-Shannon,Kullback-Leibler,Kolmogorov-Smirnov,Wasserstein,L1,L2
TIME-VAE-BASE,0.2551729634878694,1868.4516761407524,0.16561196625444793,0.006551249932869176,3742.9767288178805,240.59110617237428
VAE-CONV1,0.20745995551436092,1313.756192421933,0.12928735033978883,0.005733075558366304,2969.731332191794,174.92550072574358
VAE-CONV3,0.2726639503778989,2132.29896771386,0.17210730600682494,0.010746167498547598,3929.7424950903583,193.0258552253156
VAE-FD1,0.06827180315122527,201.41955593430137,0.04372810239602173,0.0019864359624628394,870.9090325553831,47.741975689055096
VAE-FD2,0.3265933325005115,3237.5054059011563,0.22019499121361494,0.007848544519803484,5065.001427877605,357.90869133841784
VQ-VAE-CONV2,0.09060265490870935,232.5357025706325,0.05531719852855394,0.0019099470542238133,1090.2647525451257,69.70948934408703
VQ-VAE-FD1,0.16844714817778741,858.4102370822357,0.09892328045703781,0.004823185186157799,2250.76750698848,121.28936005196377
